,addresses
0,"[{'country_code': 'US', 'country_name': 'United States', 'address_purpose': 'LOCATION', 'address_type': 'DOM', 'address_1': '7171 NOLENSVILLE ROAD', 'address_2': 'SUITE 102', 'city': 'NOLENSVILLE', 'state': 'TN', 'postal_code': '37135', 'telephone_number': '650-521-2124'}, {'country_code': 'US', 'country_name': 'United States', 'address_purpose': 'MAILING', 'address_type': 'DOM', 'address_1': '1133 HAVERHILL DR', 'address_2': '', 'city': 'BRENTWOOD', 'state': 'TN', 'postal_code': '370278682', 'telephone_number': '650-521-2124'}]"
1,"[{'country_code': 'US', 'country_name': 'United States', 'address_purpose': 'LOCATION', 'address_type': 'DOM', 'address_1': '7146 NOLENSVILLE RD', 'address_2': 'SUITE 101', 'city': 'NOLENSVILLE', 'state': 'TN', 'postal_code': '371359585', 'telephone_number': '615-776-3442'}, {'country_code': 'US', 'country_name': 'United States', 'address_purpose': 'MAILING', 'address_type': 'DOM', 'address_1': '7004 MOORES LN', 'address_2': '', 'city': 'BRENTWOOD', 'state': 'TN', 'postal_code': '370272905', 'telephone_number': '615-377-7777'}]"
2,"[{'country_code': 'US', 'country_name': 'United States', 'address_purpose': 'LOCATION', 'address_type': 'DOM', 'address_1': '7146 NOLENSVILLE RD', 'address_2': 'SUITE 101', 'city': 'NOLENSVILLE', 'state': 'TN', 'postal_code': '371359585', 'telephone_number': '615-283-7397', 'fax_number': '615-283-3898'}, {'country_code': 'US', 'country_name': 'United States', 'address_purpose': 'MAILING', 'address_type': 'DOM', 'address_1': '7146 NOLENSVILLE RD', 'address_2': 'SUITE 101', 'city': 'NOLENSVILLE', 'state': 'TN', 'postal_code': '371359585', 'telephone_number': '615-377-3080', 'fax_number': '615-283-3898'}]"
3,"[{'country_code': 'US', 'country_name': 'United States', 'address_purpose': 'LOCATION', 'address_type': 'DOM', 'address_1': '7146 NOLENSVILLE RD', 'address_2': '', 'city': 'NOLENSVILLE', 'state': 'TN', 'postal_code': '371359585', 'telephone_number': '615-776-3442'}, {'country_code': 'US', 'country_name': 'United States', 'address_purpose': 'MAILING', 'address_type': 'DOM', 'address_1': '7004 MOORES LN', 'address_2': '', 'city': 'BRENTWOOD', 'state': 'TN', 'postal_code': '370272905', 'telephone_number': '615-377-7777'}]"
4,"[{'country_code': 'US', 'country_name': 'United States', 'address_purpose': 'LOCATION', 'address_type': 'DOM', 'address_1': '7116 NOLENSVILLE RD STE 102', 'address_2': '', 'city': 'NOLENSVILLE', 'state': 'TN', 'postal_code': '371352984', 'telephone_number': '615-283-0089'}, {'country_code': 'US', 'country_name': 'United States', 'address_purpose': 'MAILING', 'address_type': 'DOM', 'address_1': '7116 NOLENSVILLE RD STE 102', 'address_2': '', 'city': 'NOLENSVILLE', 'state': 'TN', 'postal_code': '371352984', 'telephone_number': '615-283-0089'}]"
5,"[{'country_code': 'US', 'country_name': 'United States', 'address_purpose': 'LOCATION', 'address_type': 'DOM', 'address_1': '7116 NOLENSVILLE RD STE 102', 'address_2': '', 'city': 'NOLENSVILLE', 'state': 'TN', 'postal_code': '371352984', 'telephone_number': '615-283-0089'}, {'country_code': 'US', 'country_name': 'United States', 'address_purpose': 'MAILING', 'address_type': 'DOM', 'address_1': '7116 NOLENSVILLE RD STE 102', 'address_2': '', 'city': 'NOLENSVILLE', 'state': 'TN', 'postal_code': '371352984'}]"
6,"[{'country_code': 'US', 'country_name': 'United States', 'address_purpose': 'LOCATION', 'address_type': 'DOM', 'address_1': '7269 NOLENSVILLE RD', 'address_2': '', 'city': 'NOLENSVILLE', 'state': 'TN', 'postal_code': '371359492', 'telephone_number': '615-776-2565', 'fax_number': '615-776-4211'}, {'country_code': 'US', 'country_name': 'United States', 'address_purpose': 'MAILING', 'address_type': 'DOM', 'address_1': '7269 NOLENSVILLE RD', 'address_2': 'PO BOX 129', 'city': 'NOLENSVILLE', 'state': 'TN', 'postal_code': '371359492', 'telephone_number': '615-776-2565', 'fax_number': '615-776-4211'}]"
7,"[{'country_code': 'US', 'country_name': 'United States', 'address_purpose': 'LOCATION', 'address_type': 'DOM', 'address_1': '921 OLDHAM DR', 'address_2': '', 'city': 'NOLENSVILLE', 'state': 'TN', 'postal_code': '371359455', 'telephone_number': '615-776-3592'}, {'country_code': 'US', 'country_name': 'United States', 'address_purpose': 'MAILING', 'address_type': 'DOM', 'address_1': '921 OLDHAM DR', 'address_2': '', 'city': 'NOLENSVILLE', 'state': 'TN', 'postal_code': '371359455', 'telephone_number': '615-776-3592'}]"
8,"[{'country_code': 'US', 'country_name': 'United States', 'address_purpose': 'LOCATION', 'address_type': 'DOM', 'address_1': '7269 NOLENSVILLE RD', 'address_2': '', 'city': 'NOLENSVILLE', 'state': 'TN', 'postal_code': '37135', 'telephone_number': '615-776-1050', 'fax_number': '615-776-1051'}, {'country_code': 'US', 'country_name': 'United States', 'address_purpose': 'MAILING', 'address_type': 'DOM', 'address_1': '7269 NOLENSVILLE RD', 'address_2': '', 'city': 'NOLENSVILLE', 'state': 'TN', 'postal_code': '371359492', 'telephone_number': '615-776-1050', 'fax_number': '615-776-1051'}]"
9,"[{'country_code': 'US', 'country_name': 'United States', 'address_purpose': 'LOCATION', 'address_type': 'DOM', 'address_1': '7171 NOLENSVILLE RD', 'address_2': 'SUITE 102', 'city': 'NOLENSVILLE', 'state': 'TN', 'postal_code': '371359461', 'telephone_number': '650-521-2124'}, {'country_code': 'US', 'country_name': 'United States', 'address_purpose': 'MAILING', 'address_type': 'DOM', 'address_1': '1133 HAVERHILL DR', 'address_2': '', 'city': 'BRENTWOOD', 'state': 'TN', 'postal_code': '370278682', 'telephone_number': '650-521-2124'}]"
10,"[{'country_code': 'US', 'country_name': 'United States', 'address_purpose': 'LOCATION', 'address_type': 'DOM', 'address_1': '6905 LENOX VILLAGE DR', 'address_2': '', 'city': 'NASHVILLE', 'state': 'TN', 'postal_code': '372117172', 'telephone_number': '615-832-2095'}, {'country_code': 'US', 'country_name': 'United States', 'address_purpose': 'MAILING', 'address_type': 'DOM', 'address_1': '105 HARTLEY CT', 'address_2': '', 'city': 'NOLENSVILLE', 'state': 'TN', 'postal_code': '371354034', 'telephone_number': '615-962-1218'}]"
11,"[{'country_code': 'US', 'country_name': 'United States', 'address_purpose': 'LOCATION', 'address_type': 'DOM', 'address_1': '7024 NOLENSVILLE RD', 'address_2': '', 'city': 'NOLENSVILLE', 'state': 'TN', 'postal_code': '371351649', 'telephone_number': '615-941-3368', 'fax_number': '615-941-3370'}, {'country_code': 'US', 'country_name': 'United States', 'address_purpose': 'MAILING', 'address_type': 'DOM', 'address_1': '6716 NOLENSVILLE RD STE 120', 'address_2': '', 'city': 'BRENTWOOD', 'state': 'TN', 'postal_code': '370278864', 'telephone_number': '615-941-3368', 'fax_number': '615-941-3370'}]"
